"","StartDate","EndDate","Status","IPAddress","Progress","Duration..in.seconds.","Finished","RecordedDate","ResponseId","RecipientLastName","RecipientFirstName","RecipientEmail","ExternalReference","LocationLatitude","LocationLongitude","DistributionChannel","UserLanguage","Q14","Q14_4_TEXT","SATISFIED","INFOR","TECH","AGREE_1","AGREE_2","AGREE_3","AGREE_4","AGREE_5","AGREE_6","Q12","Q13","Q14.1","Q17","TOPICS","Q11","Q15_1","Q15_4","Q15_5","Q15_6","Q15_7","Q15_8","Q15_8_TEXT","Q16_1","Q16_4","Q16_5","Q16_6","Q16_7","Q16_8","Q16_9","Q16_10","Q16_11","Q16_12","Q16_13","Q16_14","Q16_15","Q16_16","Q16_17"
"1","6/12/2020 14:25","6/12/2020 14:27","IP Address","76.9.166.133",100,124,TRUE,"6/12/2020 14:27","R_2yjc78OfFGfMqor",NA,NA,NA,NA,35.61729431,-87.03170013,"anonymous","EN","Returning to School After COVID-19: Using SEL & Trauma Informed Practices to Re-engage Students in STEM Learning","","Very satisfied","All the information","Extremely well","Strongly agree","Strongly agree","Strongly agree","Strongly agree","Strongly agree","Strongly agree","","How to engage with students that have trauma.","I will be more aware of the possible traumas student  could have and how to address it in the  classroom.","","Trauma, engagement, stem","","Teacher who teaches science, mathematics, or STEM related content","","","","","","","",NA,NA,NA,NA,NA,6,NA,NA,NA,NA,NA,NA,NA,NA
"2","6/12/2020 14:27","6/12/2020 14:28","IP Address","173.242.249.32",100,75,TRUE,"6/12/2020 14:28","R_Bu15V1UQpKBPpAt",NA,NA,NA,NA,35.79890442,-86.24150085,"anonymous","EN","Returning to School After COVID-19: Using SEL & Trauma Informed Practices to Re-engage Students in STEM Learning","","Very satisfied","All the information","Extremely well","Agree","Strongly agree","Strongly agree","Agree","Agree","Agree","","","","","","","Teacher who teaches science, mathematics, or STEM related content","","","","","","","",NA,NA,NA,NA,NA,NA,NA,NA,9,10,11,12,NA,NA
"3","6/12/2020 14:25","6/12/2020 14:29","IP Address","99.203.96.97",100,232,TRUE,"6/12/2020 14:29","R_3HqbdtwnaUnuCzS",NA,NA,NA,NA,36.167099,-86.78610229,"anonymous","EN","Returning to School After COVID-19: Using SEL & Trauma Informed Practices to Re-engage Students in STEM Learning","","Very satisfied","Most of the information","Fairly well","Strongly agree","Strongly agree","Strongly agree","Strongly agree","Strongly agree","Strongly agree","It might have been a good idea to group elementary, middle, and high separately. ","I need to think of what my students may have been through at home and how I will do things differently in the classroom when we go back.","More patient.","Just the uncertainty of what schools will look like in August.","More SEL for elementary ","No","","Teacher who does not teach STEM content","","","","","","PreK/K",NA,NA,NA,NA,NA,NA,NA,NA,NA,NA,NA,NA,NA,NA
"4","6/12/2020 14:27","6/12/2020 14:29","IP Address","99.188.168.165",100,136,TRUE,"6/12/2020 14:30","R_2YgmfTSdPj5tPrx",NA,NA,NA,NA,36.27490234,-86.82479858,"anonymous","EN","Returning to School After COVID-19: Using SEL & Trauma Informed Practices to Re-engage Students in STEM Learning","","Satisfied","Some of the information","Fairly well","Agree","Agree","Agree","Agree","Agree","Agree","N/A","N/A","N/A","N/A","N/A","N/A","Teacher who teaches science, mathematics, or STEM related content","","","","","","","",NA,NA,NA,NA,NA,6,NA,NA,NA,NA,NA,NA,NA,NA
"5","6/12/2020 14:27","6/12/2020 14:33","IP Address","73.58.163.121",100,366,TRUE,"6/12/2020 14:33","R_2dElFTOLliKrkWK",NA,NA,NA,NA,36.10850525,-86.77380371,"anonymous","EN","Returning to School After COVID-19: Using SEL & Trauma Informed Practices to Re-engage Students in STEM Learning","","Very satisfied","Most of the information","Extremely well","Strongly agree","Strongly agree","Strongly agree","Strongly agree","Strongly agree","Strongly agree","None that come to mind.","How much I miss professional dialogue and sharing!","I received so many good ideas and awareness about issues, I do not think I cannot change for the better!","I am not sure how to update the Google slides/documents from the workshop.","I really enjoy the breakout session work. Maybe more opportunities to work with the SEL material with other professionals outside of my school.","","Teacher who teaches science, mathematics, or STEM related content","","","","","","","",NA,NA,NA,NA,NA,6,NA,NA,NA,NA,NA,NA,NA,NA
"6","6/12/2020 14:32","6/12/2020 14:37","IP Address","99.203.96.166",100,272,TRUE,"6/12/2020 14:37","R_31z14KaZkRDabVV",NA,NA,NA,NA,36.167099,-86.78610229,"anonymous","EN","Returning to School After COVID-19: Using SEL & Trauma Informed Practices to Re-engage Students in STEM Learning","","Very satisfied","All the information","Fairly well","Strongly agree","Strongly agree","Strongly agree","Strongly agree","Strongly agree","Strongly agree","Nothing ","Self care and reflect positive to students ","More care ","","","","","","","","","Other","Tutor ","",NA,NA,NA,NA,5,6,7,8,NA,NA,NA,NA,NA,NA
"7","6/12/2020 14:27","6/12/2020 14:37","IP Address","68.53.26.83",100,606,TRUE,"6/12/2020 14:37","R_24uQIQFXym9mpNr",NA,NA,NA,NA,36.1867981,-86.50669861,"anonymous","EN","Returning to School After COVID-19: Using SEL & Trauma Informed Practices to Re-engage Students in STEM Learning","","Very satisfied","All the information","Extremely well","Strongly agree","Strongly agree","Strongly agree","Strongly agree","Strongly agree","Strongly agree","","An important take away for me was gaining understanding about how students poor behaviors are sometimes a result of their trauma reactions and that we must shape our teaching, counseling, disciplining, etc. in light of that knowledge.","I plan to embed more trauma-informed teaching methods & SEL goals into my academic lesson plans.","","","","Teacher who teaches science, mathematics, or STEM related content","","","","","","","",NA,2,NA,NA,NA,NA,NA,NA,NA,NA,NA,NA,NA,NA
"8","6/12/2020 14:42","6/12/2020 14:49","IP Address","99.2.2.85",100,435,TRUE,"6/12/2020 14:49","R_3e5hmywXC3Mx0B8",NA,NA,NA,NA,35.93060303,-86.87879944,"anonymous","EN","Returning to School After COVID-19: Using SEL & Trauma Informed Practices to Re-engage Students in STEM Learning","","Very satisfied","All the information","Extremely well","Strongly agree","Strongly agree","Strongly agree","Agree","Strongly agree","Strongly agree","Could have been longer","This is so timely with everything going on in the world these past few months.","I’ll be more understanding of misbehavior if the child has endured a trauma.","Will there be another PD on this? ","","That was a timely professional development well presented. One of the best PDs I’ve attended,","Teacher who teaches science, mathematics, or STEM related content","","","","","","","",NA,2,NA,NA,NA,NA,NA,NA,NA,NA,NA,NA,NA,NA
"9","6/12/2020 14:49","6/12/2020 14:54","IP Address","69.247.23.69",100,301,TRUE,"6/12/2020 14:54","R_1mFu5z8HoEw649o",NA,NA,NA,NA,36.1867981,-86.50669861,"anonymous","EN","Returning to School After COVID-19: Using SEL & Trauma Informed Practices to Re-engage Students in STEM Learning","","Very satisfied","All the information","Extremely well","Strongly agree","Strongly agree","Strongly agree","Strongly agree","Agree","Strongly agree","","","","","","I enjoyed how the two presenters worked together. It made the worship more interesting.  I think both shared information  that was both relevant and helpful to me as a teacher. ","Teacher who teaches science, mathematics, or STEM related content","","","","","","","",NA,NA,3,NA,NA,NA,NA,NA,NA,NA,NA,NA,NA,NA
"10","6/12/2020 15:09","6/12/2020 15:11","IP Address","174.196.5.2",100,69,TRUE,"6/12/2020 15:11","R_PCBQ75kN19xISGt",NA,NA,NA,NA,36.1867981,-86.50669861,"anonymous","EN","Returning to School After COVID-19: Using SEL & Trauma Informed Practices to Re-engage Students in STEM Learning","","Satisfied","Most of the information","Extremely well","Agree","Agree","Agree","Agree","Agree","Agree","","","","","","","Teacher who teaches science, mathematics, or STEM related content","","","","","","","",NA,NA,NA,NA,NA,6,7,8,NA,NA,NA,NA,NA,NA
"11","6/12/2020 15:06","6/12/2020 15:19","IP Address","71.206.127.86",100,759,TRUE,"6/12/2020 15:19","R_5dx4YtuH78NtGKZ",NA,NA,NA,NA,36.26460266,-86.70200348,"anonymous","EN","Returning to School After COVID-19: Using SEL & Trauma Informed Practices to Re-engage Students in STEM Learning","","Very satisfied","All the information","Extremely well","Agree","Strongly agree","Strongly agree","Strongly agree","Strongly agree","Strongly agree","","Take care of yourself, student response to trauma, T or t trauma","Have more structures in place to support students with trauma such as opportunities for meaningful student collaboration, using a Mood Meter, using topics to foster social awareness, etc","Will schools receive more counselors and social workers to support teachers as we begin to immerse ourselves in SEL and trauma informed practices?","","","Teacher who teaches science, mathematics, or STEM related content","","","","","","","",NA,2,NA,NA,NA,NA,NA,NA,NA,NA,NA,NA,NA,NA
"12","6/12/2020 15:34","6/12/2020 15:36","IP Address","107.77.235.95",100,133,TRUE,"6/12/2020 15:36","R_2zvFbt5gFXeIyZh",NA,NA,NA,NA,36.167099,-86.78610229,"anonymous","EN","Returning to School After COVID-19: Using SEL & Trauma Informed Practices to Re-engage Students in STEM Learning","","Very satisfied","A little of the information","Fairly well","Agree","Agree","Agree","Agree","Agree","Agree","None","Sharing ideas for SEL lessons and ways to connect. ","I will incorporate things I learned in my classroom. ","None","CPR","N/A","Teacher who teaches science, mathematics, or STEM related content","","","","","","","",NA,NA,3,NA,NA,NA,NA,NA,NA,NA,NA,NA,NA,NA
"13","6/12/2020 15:47","6/12/2020 15:55","IP Address","172.127.73.76",100,458,TRUE,"6/12/2020 15:55","R_6nC6Zj0Zt9aFZHr",NA,NA,NA,NA,36.21299744,-86.30110168,"anonymous","EN","Returning to School After COVID-19: Using SEL & Trauma Informed Practices to Re-engage Students in STEM Learning","","Somewhat satisfied","Most of the information","Fairly well","Neither agree nor disagree","Agree","Agree","Neither agree nor disagree","Neither agree nor disagree","Neither agree nor disagree","I would have liked more info about incorporating STEM while being mindful of SEL & trauma.  I did not see how STEM was incorporated.","For everyone to remember that our students have dealt with a lot over the last few months.","I already try to incorporate SEL practices.  I expect that the main changes to my classroom will be COVID-related restrictions.","N/A","I would like more ideas of how to incorporate SEL, COVID-restrictions, etc., while in a content classroom.  Share actual ideas from classrooms that have helped students that involved the content.","N/A","Teacher who teaches science, mathematics, or STEM related content","","","","","","","",NA,NA,NA,NA,NA,NA,NA,NA,9,10,11,12,NA,NA
"14","6/12/2020 15:58","6/12/2020 16:01","IP Address","71.206.127.191",100,177,TRUE,"6/12/2020 16:01","R_ZC5TgZxcnQa7CG5",NA,NA,NA,NA,36.26460266,-86.70200348,"anonymous","EN","Returning to School After COVID-19: Using SEL & Trauma Informed Practices to Re-engage Students in STEM Learning","","Very satisfied","All the information","Extremely well","Strongly agree","Strongly agree","Strongly agree","Strongly agree","Strongly agree","Strongly agree","","How to welcome my students back to school after the COVID 19 as we all experienced traumatic experiences. ","","","","","Teacher who teaches science, mathematics, or STEM related content","","","","","","","",NA,NA,3,NA,NA,NA,NA,NA,NA,NA,NA,NA,NA,NA
"15","6/12/2020 16:08","6/12/2020 16:15","IP Address","216.170.193.71",100,398,TRUE,"6/12/2020 16:15","R_viPNWFlpxg3RFzb",NA,NA,NA,NA,36.1867981,-86.50669861,"anonymous","EN","Returning to School After COVID-19: Using SEL & Trauma Informed Practices to Re-engage Students in STEM Learning","","Very satisfied","All the information","Extremely well","Strongly agree","Agree","Strongly agree","Strongly agree","Strongly agree","Agree","More lesson examples or a longer Q & A to share multiple experiences would have been more helpful than multiple breakout rooms. ","I appreciated getting an order to my focus when we return. I had worried we were expected to hit everything at once, and the professors helped us navigate better.","It won't change, but I have been very focused on SEL best practices for a few years. It was important to hear I'm doing the right things, and that my reading sources are the correct ones.","","Culturally responsive classrooms, how to navigate when teaching virtually (the SEL components, not the technology), K-2 books to build community and understanding.","I really enjoyed the PDs. It was a nice change from focusing on technology and content curriculum, and one I find very important.","Teacher who teaches science, mathematics, or STEM related content","","","","","","","",NA,2,NA,NA,NA,NA,NA,NA,NA,NA,NA,NA,NA,NA
"16","6/12/2020 16:25","6/12/2020 16:26","IP Address","70.231.33.230",100,94,TRUE,"6/12/2020 16:26","R_1LRQydHYl5ZylK8",NA,NA,NA,NA,35.96980286,-86.50610352,"anonymous","EN","Returning to School After COVID-19: Using SEL & Trauma Informed Practices to Re-engage Students in STEM Learning","","Satisfied","All the information","Fairly well","Agree","Agree","Strongly agree","Strongly agree","Agree","Agree","","","","","","","Teacher who teaches science, mathematics, or STEM related content","","","","","","","",NA,NA,NA,NA,NA,6,NA,NA,NA,NA,NA,NA,NA,NA
"17","6/12/2020 16:27","6/12/2020 16:30","IP Address","99.203.97.151",100,196,TRUE,"6/12/2020 16:30","R_2rluNg56luZmTQe",NA,NA,NA,NA,36.167099,-86.78610229,"anonymous","EN","Returning to School After COVID-19: Using SEL & Trauma Informed Practices to Re-engage Students in STEM Learning","","Somewhat satisfied","All the information","Extremely well","Strongly disagree","Agree","Agree","Disagree","Strongly disagree","Strongly disagree","There was hardly any science in this training that was labeled as STEM. ","Teachers need to teach students coping mechanisms. ","I already build relationships and let kids discuss their traumas when they need to. ","How do I actually integrate this into STEM practices? How do I help kids deal with trauma while asynchronous learning is occurring?","Anything that has actual science content included. ","No","Teacher who teaches science, mathematics, or STEM related content","","","","","","","",NA,NA,NA,NA,NA,NA,7,NA,NA,NA,NA,NA,NA,NA
"18","6/12/2020 17:30","6/12/2020 17:34","IP Address","76.211.149.20",100,231,TRUE,"6/12/2020 17:34","R_1K1hJhK64yIB2C2",NA,NA,NA,NA,36.18760681,-86.61190033,"anonymous","EN","Returning to School After COVID-19: Using SEL & Trauma Informed Practices to Re-engage Students in STEM Learning","","Satisfied","Most of the information","Neither well nor poorly","Agree","Agree","Agree","Agree","Agree","Agree","","Strategies for helping students impacted by trauma","Implementing the strategies that were learned","","","","Teacher who teaches science, mathematics, or STEM related content","","","","","","","",NA,NA,3,NA,NA,NA,NA,NA,NA,NA,NA,NA,NA,NA
"19","6/12/2020 17:36","6/12/2020 17:39","IP Address","69.225.54.102",100,201,TRUE,"6/12/2020 17:39","R_2dSVTDTQIuK6CPn",NA,NA,NA,NA,36.07110596,-86.71959686,"anonymous","EN","Returning to School After COVID-19: Using SEL & Trauma Informed Practices to Re-engage Students in STEM Learning","","Not satisfied","A little of the information","Extremely well","Disagree","Neither agree nor disagree","Agree","Disagree","Disagree","Disagree","","","","","How to use technology for remote learning","","Teacher who teaches science, mathematics, or STEM related content","","","","","","","",NA,NA,NA,NA,NA,NA,NA,NA,NA,10,11,12,NA,NA
"20","6/12/2020 17:56","6/12/2020 18:13","IP Address","184.60.143.200",100,1005,TRUE,"6/12/2020 18:13","R_1jm3dG3zF6qCMbU",NA,NA,NA,NA,36.1867981,-86.50669861,"anonymous","EN","Returning to School After COVID-19: Using SEL & Trauma Informed Practices to Re-engage Students in STEM Learning","","Very satisfied","All the information","Extremely well","Strongly agree","Strongly agree","Strongly agree","Strongly agree","Strongly agree","Strongly agree","I have been teaching for over 20 years and have attended sessions with others over the same topic.  Something about this one was different.  The whole LARGE group was very much on the same page and the strategies, ideas, and support was amazing.  I would not change a thing. ","Trauma affects everyone differently.  And what is traumatic to one may not be to another.","I am already started with my planning for next school year.  In my planner I have written some reminders like: It takes TIME, Every Moment Matters, Be in the Moment, Voice and Choice gives a sense of control, Model more than content - it's okay to show emotion and how to work through it, Trauma affects everyone differently. ","When is the next one? ","How to make connections with students when you teach several classes in a day. ","I very much enjoyed it.  Thank you for taking the time to put it all together and share your experiences and knowledge with us. ","Teacher who teaches science, mathematics, or STEM related content","","Instructional leader (teacher leader, instructional coach, teacher educator, etc.)","","","Other","Computer TECHnology","PreK/K",1,2,3,4,5,NA,NA,NA,NA,NA,NA,NA,NA,NA
"21","6/12/2020 18:57","6/12/2020 19:01","IP Address","174.49.27.252",100,232,TRUE,"6/12/2020 19:01","R_3JDXm5UJWYLJUp3",NA,NA,NA,NA,36.1867981,-86.50669861,"anonymous","EN","Returning to School After COVID-19: Using SEL & Trauma Informed Practices to Re-engage Students in STEM Learning","","Satisfied","All the information","Extremely well","Agree","Agree","Strongly agree","Agree","Agree","Agree","More examples of stem activities","Giving examples of how children respond to trauma and how this can impact them in their daily life","I am more conscious of what experiences children might bring to school with them that I am not aware of","","Responsive classroom","","Teacher who teaches science, mathematics, or STEM related content","","","","","","","",1,NA,NA,NA,NA,NA,NA,NA,NA,NA,NA,NA,NA,NA
"22","6/12/2020 19:32","6/12/2020 19:34","IP Address","174.49.11.17",100,101,TRUE,"6/12/2020 19:34","R_2zp7ZrtfsB0gVNh",NA,NA,NA,NA,35.8677063,-86.41739655,"anonymous","EN","Returning to School After COVID-19: Using SEL & Trauma Informed Practices to Re-engage Students in STEM Learning","","Very satisfied","All the information","Extremely well","Strongly agree","Strongly agree","Strongly agree","Strongly agree","Strongly agree","Agree","I would like to see more video examples. ","The discussions were most helpful. ","I will look beyond the behavior to the probable trauma behind it. ","N/A","Technology","N/A","Teacher who teaches science, mathematics, or STEM related content","","","","","","","",NA,NA,NA,NA,NA,NA,7,NA,NA,NA,NA,NA,NA,NA
"23","6/12/2020 19:44","6/12/2020 19:47","IP Address","24.151.231.73",100,149,TRUE,"6/12/2020 19:47","R_D5XT0kR1qZkX3Ud",NA,NA,NA,NA,35.45860291,-86.78299713,"anonymous","EN","Returning to School After COVID-19: Using SEL & Trauma Informed Practices to Re-engage Students in STEM Learning","","Very satisfied","Some of the information","Fairly well","Strongly agree","Strongly agree","Strongly agree","Strongly agree","Strongly agree","Strongly agree","More time in collaborative groups.  More examples of students with ACES or trauma and strategies used.","How I can integrate SEL objectives into my STEM lessons.","I will be more mindful of trauma and ACES among my students.","","STEM instruction online","","Teacher who teaches science, mathematics, or STEM related content","","","","","","","PreK/K",1,2,3,4,NA,NA,NA,NA,NA,NA,NA,NA,NA,NA
"24","6/12/2020 19:43","6/12/2020 19:54","IP Address","108.67.73.64",100,654,TRUE,"6/12/2020 19:54","R_3Of5JqyV8sw49VL",NA,NA,NA,NA,36.06599426,-86.96589661,"anonymous","EN","Returning to School After COVID-19: Using SEL & Trauma Informed Practices to Re-engage Students in STEM Learning","","Very satisfied","All the information","Extremely well","Strongly agree","Strongly agree","Strongly agree","Strongly agree","Strongly agree","Strongly agree","I cannot think of anything I would do differently.","Trauma response behaviors should be met with trauma informed/influenced consequences.","I want to help my students transition back to school in a emotionally, mentally healthy way.","I feel like I have just opened the door on how to help my students.  I am looking forward to continuing to prepare.","how to bridge the gap between virtual/digital teaching and traditional in the classroom teaching","I would love if you guys could come and talk to my whole factuly.  I think all of us should hear what you guys had to say.","Teacher who teaches science, mathematics, or STEM related content","","Instructional leader (teacher leader, instructional coach, teacher educator, etc.)","","","Other","I also teach two SPED Biology classes and AP Psychology.","",NA,NA,NA,NA,NA,NA,NA,NA,9,10,11,12,NA,NA
"25","6/12/2020 22:28","6/12/2020 22:41","IP Address","107.212.205.161",100,807,TRUE,"6/12/2020 22:41","R_3lPmnPsZRzE5dXK",NA,NA,NA,NA,36.18760681,-86.61190033,"anonymous","EN","Returning to School After COVID-19: Using SEL & Trauma Informed Practices to Re-engage Students in STEM Learning","","Very satisfied","All the information","Extremely well","Agree","Strongly agree","Strongly agree","Strongly agree","Strongly agree","Agree","I would have liked to learn more about STEM activities I can do with students when we return, either online or on campus.","Self care is critical ","I hope to recognize signs of trauma in my students and respond appropriately ",NA,"STEM in the elementary classroom/ Brain breaks and mindfulness- helping students to be self aware and to manage themselves","","Teacher who teaches science, mathematics, or STEM related content","","","","","","","",NA,NA,NA,4,NA,NA,NA,NA,NA,NA,NA,NA,NA,NA
"26","6/13/2020 7:36","6/13/2020 7:41","IP Address","69.137.104.203",100,265,TRUE,"6/13/2020 7:41","R_1E0wExEyFG28MqC",NA,NA,NA,NA,37.6875,-85.87470245,"anonymous","EN","Returning to School After COVID-19: Using SEL & Trauma Informed Practices to Re-engage Students in STEM Learning","","Very satisfied","All the information","Extremely well","Agree","Agree","Agree","Agree","Agree","Agree","","How to help my students cope with adjusting back to school and some the behaviors they may exhibit. ","I am going to make sure that I know what the children have experienced before jumping to conclusions about their behavior, I will incorporate the SEL skills that we were given with the students and my colleagues. ","","","","Teacher who teaches science, mathematics, or STEM related content","","","","","","","",NA,NA,NA,NA,NA,NA,NA,NA,9,10,NA,NA,NA,NA
"27","6/13/2020 10:46","6/13/2020 11:00","IP Address","71.9.177.145",100,886,TRUE,"6/13/2020 11:00","R_3fNnAUpzhoDAJJ5",NA,NA,NA,NA,35.71629333,-86.90930176,"anonymous","EN","Returning to School After COVID-19: Using SEL & Trauma Informed Practices to Re-engage Students in STEM Learning","","Satisfied","All the information","Extremely well","Agree","Strongly agree","Strongly agree","Agree","Agree","Agree","Tuesday’s workshop could have worked in STEM applications as well.","Strategies used with students experiencing multiple traumas was impactful.","I will be more mindful to implement these strategies as it became my focus during this informative PD.","As all educators now we are uncertain as how we will address Covid 19 concerns and how this might impact our teaching.  However, Tuesday’s workshop did touch on this perplexing topic.  I also understand no one fully understands how teaching will fully look like in our near future.","Student motivation","How will I get PD credits?","Teacher who teaches science, mathematics, or STEM related content","","","","","","","",NA,NA,3,NA,NA,NA,NA,NA,NA,NA,NA,NA,NA,NA
"28","6/13/2020 11:11","6/13/2020 11:16","IP Address","99.203.96.202",100,312,TRUE,"6/13/2020 11:16","R_21yMemdvUxkzYz7",NA,NA,NA,NA,36.167099,-86.78610229,"anonymous","EN","Returning to School After COVID-19: Using SEL & Trauma Informed Practices to Re-engage Students in STEM Learning","","Satisfied","All the information","Extremely well","Agree","Agree","Strongly agree","Agree","Agree","Agree","Not really sure. ","We did some lesson ideas and I really liked the ideas some groups shared.","It will hopefully make me more aware of behavior and factors","Don’t really have any. ","Anything on digital learning or techniques in managing behaviors ","Nope","Teacher who teaches science, mathematics, or STEM related content","","","","","","","PreK/K",NA,NA,NA,NA,NA,NA,NA,NA,NA,NA,NA,NA,NA,NA
"29","6/13/2020 20:57","6/13/2020 21:03","IP Address","73.7.237.136",100,373,TRUE,"6/13/2020 21:03","R_1eqHzoTH3DjfSYT",NA,NA,NA,NA,33.86540222,-84.33850098,"anonymous","EN","Returning to School After COVID-19: Using SEL & Trauma Informed Practices to Re-engage Students in STEM Learning","","Somewhat satisfied","Some of the information","Fairly well","Neither agree nor disagree","Neither agree nor disagree","Agree","Agree","Neither agree nor disagree","Neither agree nor disagree","More examples","None","I do not","Personal / what changes will be made within my district ","Anything about the state curriculum ","","Teacher who teaches science, mathematics, or STEM related content","","Instructional leader (teacher leader, instructional coach, teacher educator, etc.)","","","","","",NA,NA,NA,NA,NA,NA,NA,NA,NA,10,NA,NA,NA,NA
"30","6/14/2020 8:53","6/14/2020 8:58","IP Address","76.114.97.3",100,330,TRUE,"6/14/2020 8:58","R_2X6VbU30QjkqQwM",NA,NA,NA,NA,36.1867981,-86.50669861,"anonymous","EN","Returning to School After COVID-19: Using SEL & Trauma Informed Practices to Re-engage Students in STEM Learning","","Very satisfied","Most of the information","Extremely well","Strongly agree","Strongly agree","Strongly agree","Strongly agree","Strongly agree","Strongly agree","I would love another workshop that focuses on SEL lesson plans for my grade level (or grade band). ","1. That my feelings are valid. That other teachers are feeling the exact same, no matter their grade level, education level, or experience level. 
2. I made a list of ideas that I want to implement in my classroom. This PD inspired me. ","My ""morning work"" will center around SEL. I will check in with my students more this Fall. ","Is there more PD workshops about SEL?","SEL, continued to trauma, inclusion and SEL, ","Thank you! This has been the most informative and interesting PD that I have taken in a while. ","Teacher who teaches science, mathematics, or STEM related content","","","","","","","",NA,NA,NA,4,NA,NA,NA,NA,NA,NA,NA,NA,NA,NA
"31","6/14/2020 11:06","6/14/2020 11:18","IP Address","65.189.9.77",100,703,TRUE,"6/14/2020 11:18","R_22LAuLNj8FLpMUx",NA,NA,NA,NA,40.04139709,-84.20230103,"anonymous","EN","Returning to School After COVID-19: Using SEL & Trauma Informed Practices to Re-engage Students in STEM Learning","","Very satisfied","Most of the information","Extremely well","Agree","Strongly agree","Strongly agree","Strongly agree","Strongly agree","Strongly agree","None - small group working on individual lessons with feedback. ","SEL Practices - Strategies to try","Focusing on SEL practices when planning","None","","","Teacher who teaches science, mathematics, or STEM related content","","","","","","","",NA,NA,NA,NA,NA,6,7,8,NA,NA,NA,NA,NA,NA
"32","6/14/2020 15:42","6/14/2020 15:47","IP Address","76.18.169.218",100,286,TRUE,"6/14/2020 15:47","R_3fr8RctDYRDZKoG",NA,NA,NA,NA,36.50140381,-86.87380219,"anonymous","EN","Returning to School After COVID-19: Using SEL & Trauma Informed Practices to Re-engage Students in STEM Learning","","Very satisfied","Most of the information","Extremely well","Strongly agree","Strongly agree","Strongly agree","Strongly agree","Strongly agree","Strongly agree","","The most valuable piece of information that has stuck with me is:
 Not all stressors are the same for every person. 
 There is not one recipe for the return,  it is a mixture of strategies that will be needed.
","I intend to see each seed student's stressors as they are and use ideas from the PD to assist me with the student. ","","","","Teacher who teaches science, mathematics, or STEM related content","","","","","","","",NA,2,NA,NA,NA,NA,NA,NA,NA,NA,NA,NA,NA,NA
"33","6/14/2020 18:03","6/14/2020 18:05","IP Address","108.232.3.36",100,135,TRUE,"6/14/2020 18:05","R_33BJ5PNJ9pOD0RD",NA,NA,NA,NA,36.26460266,-86.70200348,"anonymous","EN","Returning to School After COVID-19: Using SEL & Trauma Informed Practices to Re-engage Students in STEM Learning","","Satisfied","All the information","Fairly well","Agree","Agree","Agree","Agree","Agree","Agree","","","","","How to cope with personal and work traumas","","","","Instructional leader (teacher leader, instructional coach, teacher educator, etc.)","","","","","PreK/K",1,2,3,4,NA,NA,NA,NA,NA,NA,NA,NA,NA,NA
"34","6/14/2020 18:22","6/14/2020 18:30","IP Address","75.138.229.86",100,478,TRUE,"6/14/2020 18:30","R_2xDdXA0mUnvdOTL",NA,NA,NA,NA,35.71629333,-86.90930176,"anonymous","EN","Returning to School After COVID-19: Using SEL & Trauma Informed Practices to Re-engage Students in STEM Learning","","Very satisfied","All the information","Extremely well","Strongly agree","Strongly agree","Strongly agree","Strongly agree","Strongly agree","Strongly agree","I would have loved to spend more time in breakout groups(if a zoom meeting would be the setting).","I really enjoyed hearing from different areas around the state about challenges they face due to student experience. Hearing some of the comments and stories helped connect my experiences to our discussions.","Helping myself as well as other teachers understand the effects of trauma on students....that they aren't all the same, have different effects, & at some point everyone experiences trauma.","I still struggle with helping students through the covid crisis that we are in. We discussed this a little, but without having our students at school(where this may be their safe place), I feel somewhat helpless for some of them.","whole brain learning, helping students balance screen time(often too much when school offers work this way & this is also how they like to ""break""), secure networks, etc","I enjoyed this workshop! I'd love to be included in other opportunities offered by  these speakers!","Teacher who teaches science, mathematics, or STEM related content","","","","","","","",NA,NA,3,NA,NA,NA,NA,NA,NA,NA,NA,NA,NA,NA
"35","6/15/2020 1:00","6/15/2020 1:03","IP Address","98.211.21.161",100,152,TRUE,"6/15/2020 1:03","R_2w1ciMcaVxcd9XQ",NA,NA,NA,NA,35.84509277,-86.49009705,"anonymous","EN","Returning to School After COVID-19: Using SEL & Trauma Informed Practices to Re-engage Students in STEM Learning","","Very satisfied","All the information","Extremely well","Strongly agree","Strongly agree","Strongly agree","Strongly agree","Strongly agree","Strongly agree","","The reason student behave that way they do is often trauma related.","Huge changes. My eyes have been opened.","","","The presenters were fantastic! And the break away groups were awesome.","Teacher who teaches science, mathematics, or STEM related content","","","","","","","",NA,NA,NA,NA,NA,NA,NA,NA,9,10,11,12,NA,NA
"36","6/15/2020 8:12","6/15/2020 8:19","IP Address","66.128.255.21",100,398,TRUE,"6/15/2020 8:19","R_3G2s4TRBT6d2H5x",NA,NA,NA,NA,35.63600159,-86.68409729,"anonymous","EN","Returning to School After COVID-19: Using SEL & Trauma Informed Practices to Re-engage Students in STEM Learning","","Satisfied","Most of the information","Fairly well","Agree","Agree","Agree","Agree","Agree","Agree","None at this time.","I believe that making those connections and relationships meaningful in a student's time with me is an important part in helping to create a positive culture for the school.","I am hoping that I can take the ideas and suggestions to create positive relationships with students for them to learn in a safe place.","None at this time.","None at this time- too overwhelmed right now!","No, thank you for asking.","Teacher who teaches science, mathematics, or STEM related content","","","","","","","",NA,NA,NA,NA,NA,6,7,NA,NA,NA,NA,NA,NA,NA
"37","6/15/2020 8:39","6/15/2020 8:40","IP Address","96.4.42.143",100,72,TRUE,"6/15/2020 8:40","R_27Btcc2SogujKlt",NA,NA,NA,NA,35.61729431,-87.03170013,"anonymous","EN","Returning to School After COVID-19: Using SEL & Trauma Informed Practices to Re-engage Students in STEM Learning","","Very satisfied","Some of the information","Extremely well","Agree","Agree","Agree","Agree","Agree","Agree","","","","","","","","","","","","Other","Counselor","",NA,NA,NA,NA,5,6,7,8,NA,NA,NA,NA,NA,NA
"38","6/15/2020 9:07","6/15/2020 9:24","IP Address","70.241.127.235",100,1061,TRUE,"6/15/2020 9:24","R_2w4QIPVv91rMDoo",NA,NA,NA,NA,35.93060303,-86.87879944,"anonymous","EN","Returning to School After COVID-19: Using SEL & Trauma Informed Practices to Re-engage Students in STEM Learning","","Very satisfied","All the information","Extremely well","Strongly agree","Strongly agree","Strongly agree","Strongly agree","Strongly agree","Strongly agree","The time allocated for devising a lesson was a little short but all in all it was enough time to attain the purpose of the activity. If we had more time we would have taken more time and sometimes a time frame is needed to get the job done. ","The fact that we are faced with the affects of this pandemic and it is something that we are going to have to deal with for a while.","Just being aware of the trauma that students may be experiencing and having some guidelines, strategies and activities will help me with professional practices.","","More information and strategies to use in dealing with the various traumas.","Great job!","","","Instructional leader (teacher leader, instructional coach, teacher educator, etc.)","School-based administrator","","Other","retired principal serving as parttime assistant principal.","PreK/K",1,2,3,4,NA,NA,NA,NA,NA,NA,NA,NA,NA,NA
"39","6/15/2020 9:35","6/15/2020 9:40","IP Address","68.52.229.183",100,283,TRUE,"6/15/2020 9:40","R_3dYsHN7vP3EoeHa",NA,NA,NA,NA,36.05949402,-86.65920258,"anonymous","EN","Returning to School After COVID-19: Using SEL & Trauma Informed Practices to Re-engage Students in STEM Learning","","Satisfied","All the information","Extremely well","Agree","Agree","Agree","Agree","Agree","Agree","More time when we have break out sessions, and possibly a timer in the window","Engaging students using SEL and curriculum simultaneously  ","Utilizing some of the resources I have learned about when lesson planning","","Any more STEM/ STEAM workshops","","Teacher who teaches science, mathematics, or STEM related content","","","","","","","",NA,NA,NA,NA,NA,NA,NA,8,NA,NA,NA,NA,NA,NA
"40","6/15/2020 9:57","6/15/2020 10:03","IP Address","136.58.102.172",100,394,TRUE,"6/15/2020 10:03","R_1mUFmseuf1pWz1O",NA,NA,NA,NA,36.15789795,-86.8608017,"anonymous","EN","Returning to School After COVID-19: Using SEL & Trauma Informed Practices to Re-engage Students in STEM Learning","","Very satisfied","Most of the information","Extremely well","Agree","Agree","Agree","Agree","Agree","Agree","Maybe discuss more strategies to use to help students in need. We discussed some but if I have to choose something. ","How certain things can impact our students that we would not think about and they might be acting out because of something bothering them.","I will continue to build good relationships with my students and really try to figure out how they feel and what might be bothering them. ","I do not have any questions at this time. ","Maybe something about remote learning strategies if thats going to become the new normal. ","not at this time. Thanks!","Teacher who teaches science, mathematics, or STEM related content","","","","","","","",1,NA,NA,NA,NA,NA,NA,NA,NA,NA,NA,NA,NA,NA
"41","6/15/2020 10:57","6/15/2020 11:03","IP Address","68.47.234.88",100,383,TRUE,"6/15/2020 11:03","R_2Y689GP15fkfUIj",NA,NA,NA,NA,36.1867981,-86.50669861,"anonymous","EN","Returning to School After COVID-19: Using SEL & Trauma Informed Practices to Re-engage Students in STEM Learning","","Satisfied","All the information","Extremely well","Agree","Strongly agree","Strongly agree","Strongly agree","Strongly agree","Strongly agree","Maybe just some more actual activities that could be used in the classroom and teaching us how to implement them. ","To really listen to our students. Making sure to try harder to get to the root of a problem if a child is acting out in order to get them support that is needed rather than just discipline.  ","I think with teaching STEM this workshop made me realize that I can focus on social emotional needs due to not being tied down with content standards.  I will definitely be more mindful of the actions and behaviors of my students. ","none","Distance learning topics for middle grades STEM students.  How to ensure students can complete activities if we were to do remote learning in the fall. ","no","Teacher who teaches science, mathematics, or STEM related content","","","","","","","",NA,NA,NA,NA,NA,6,7,8,NA,NA,NA,NA,NA,NA
"42","6/15/2020 12:33","6/15/2020 12:53","IP Address","68.53.42.231",100,1149,TRUE,"6/15/2020 12:53","R_1OVKVdiqhsymkkl",NA,NA,NA,NA,35.84370422,-86.38809967,"anonymous","EN","Returning to School After COVID-19: Using SEL & Trauma Informed Practices to Re-engage Students in STEM Learning","","Very satisfied","Most of the information","Extremely well","Strongly agree","Strongly agree","Strongly agree","Strongly agree","Agree","Agree","Workshop had great information, but in order to answer the question, I would say possibly sharing more hands on Trauma Informed practices or specific research based programs that have been found to be effective.","It is crucial to create predictable routines, build strong relationships and empower with student agency.  I also like breathing and mindfulness strategies. ","I will use more mindfulness strategies.  I will share the information with teachers, so that they can use in their classes.  ","Even though all schools have different needs, are there any specific SEL programs that you would recommend using after schools reopen?","More on supporting Tier 2 and Tier 3 students and Virtual school counseling and Guidance teaching","More on Specific strategies and programs for Trauma informed schools and Virtual School Counseling","","","","","","Other","Counselor","PreK/K",1,2,3,4,5,NA,NA,NA,NA,NA,NA,NA,NA,NA
"43","6/16/2020 8:56","6/16/2020 8:59","IP Address","23.117.25.153",100,204,TRUE,"6/16/2020 8:59","R_2QYiL4tiUIkNV6v",NA,NA,NA,NA,36.10519409,-86.65910339,"anonymous","EN","Returning to School After COVID-19: Using SEL & Trauma Informed Practices to Re-engage Students in STEM Learning","","Very satisfied","All the information","Extremely well","Strongly agree","Strongly agree","Strongly agree","Strongly agree","Strongly agree","Strongly agree","","I learned that Covid, itself, may not have traumatized the student, but it definitely could add to already present traume.","I will ask the question in my mind, ""What has happened?"" instead of ""What is wrong with this student.""","none","","","Teacher who teaches science, mathematics, or STEM related content","","","","","","","",NA,NA,NA,NA,NA,NA,NA,NA,9,10,NA,NA,NA,NA
"44","6/16/2020 10:54","6/16/2020 10:55","IP Address","99.160.142.13",100,91,TRUE,"6/16/2020 10:55","R_10TNeqpu65Aj9cQ",NA,NA,NA,NA,35.97869873,-86.91339874,"anonymous","EN","Returning to School After COVID-19: Using SEL & Trauma Informed Practices to Re-engage Students in STEM Learning","","Very satisfied","Some of the information","Fairly well","Strongly agree","Strongly agree","Strongly agree","Strongly agree","Strongly agree","Strongly agree","NONE","Small groups ","","","N/A","N/A","Teacher who teaches science, mathematics, or STEM related content","","","","","","","",NA,NA,NA,NA,NA,NA,NA,NA,NA,10,11,12,NA,NA
"45","6/16/2020 15:09","6/16/2020 15:10","IP Address","75.46.246.156",100,57,TRUE,"6/16/2020 15:10","R_2Su8uD7fUN8zU1r",NA,NA,NA,NA,35.71629333,-86.90930176,"anonymous","EN","Returning to School After COVID-19: Using SEL & Trauma Informed Practices to Re-engage Students in STEM Learning","","Satisfied","Some of the information","Fairly well","Agree","Agree","Agree","Agree","Agree","Agree","","","","","","","Teacher who teaches science, mathematics, or STEM related content","","","","","","","",NA,NA,NA,4,NA,NA,NA,NA,NA,NA,NA,NA,NA,NA
"46","6/16/2020 15:34","6/16/2020 15:35","IP Address","96.4.42.130",100,49,TRUE,"6/16/2020 15:35","R_1hETHenpK6iM2MT",NA,NA,NA,NA,35.61729431,-87.03170013,"anonymous","EN","Returning to School After COVID-19: Using SEL & Trauma Informed Practices to Re-engage Students in STEM Learning","","Very satisfied","Some of the information","Fairly well","Strongly agree","Strongly agree","Strongly agree","Strongly agree","Strongly agree","Strongly agree","","","","","","","","","","School-based administrator","","","","",NA,NA,NA,NA,5,6,7,8,NA,NA,NA,NA,NA,NA
"47","6/16/2020 15:21","6/16/2020 15:36","IP Address","107.77.234.168",100,928,TRUE,"6/16/2020 15:36","R_2DOEuZCdhN6KOD6",NA,NA,NA,NA,33.74850464,-84.38710022,"anonymous","EN","Returning to School After COVID-19: Using SEL & Trauma Informed Practices to Re-engage Students in STEM Learning","","Very satisfied","Some of the information","Extremely well","Strongly agree","Strongly agree","Strongly agree","Strongly agree","Strongly agree","Agree","I did enjoy the breakout session portion, and liked coming up with ideas to include SEL into some of our standards. I would have enjoyed a little more time at the end to hear each group’s project.","I love the idea of having a attendance question, where the student can choose to answer the question or say pass, rather than just “here” or “present.”  This sounds like a good way to hear the voice of each child which may give me clues into how they are doing that day.","I plan to be intentional about checking in with every student every day, to make sure they are doing OK emotionally.","There are so many unknowns about what our school year will look like. I am curious how we will serve the SE needs of our kids if we end up in a fully remote-learning situation. ","I would like to continue learning about non-traditional teaching models. This could be powerful to use in a remote learning situation, or even in a traditional classroom to free me up to work with the kids more individually.","I enjoyed the workshop, thank you for providing such a timely and necessary information-filled workshop. What a world we are living in today!","Teacher who teaches science, mathematics, or STEM related content","","","","","","","",NA,NA,NA,NA,5,NA,NA,NA,NA,NA,NA,NA,NA,NA
"48","6/16/2020 17:23","6/16/2020 17:28","IP Address","69.180.243.75",100,264,TRUE,"6/16/2020 17:28","R_3oYmWZroaTv9tVk",NA,NA,NA,NA,36.07110596,-86.71959686,"anonymous","EN","Returning to School After COVID-19: Using SEL & Trauma Informed Practices to Re-engage Students in STEM Learning","","Very satisfied","All the information","Extremely well","Strongly agree","Strongly agree","Strongly agree","Strongly agree","Strongly agree","Strongly agree","None- it was great!","I loved the opportunity to break out into small groups- I didn't even know that was possible in Zoom- and it was extremely helpful to hear about other educators' experiences so far during this and possible future school closures.","I will be sure to be more mindful of my students' mental state and non-academic needs prior to just jumping into my science content as usual.","How to support students if we have to switch back and forth between online and in-person classes?","Anything related to effectively teaching online","I was so impressed with the presenters' knowledge on taking care of the whole-student, and it really put a lot of things into perspective coming from a social with an array of SE groups.  ","Teacher who teaches science, mathematics, or STEM related content","","","","","","","",NA,NA,NA,NA,NA,6,NA,NA,NA,NA,NA,NA,NA,NA
"49","6/17/2020 9:21","6/17/2020 9:30","IP Address","73.58.139.157",100,581,TRUE,"6/17/2020 9:30","R_3MGNL8s3VPcKBrH",NA,NA,NA,NA,36.09640503,-86.82119751,"anonymous","EN","Other","I attended both.","Very satisfied","All the information","Extremely well","Strongly agree","Strongly agree","Strongly agree","Strongly agree","Strongly agree","Strongly agree","I would extend the time by 30 minutes in each of the workshop days.","Trauma can cause people to behave differently and must be acknowledged and dealt with. It is critical that we as educators attend to learning as not only cognitive in nature but also: behavioral, cultural, affective, political, historical, and ethical.","I will be setting aside planning and teaching time to address trauma. I will be setting aside planning a teaching time to better address the specific needs of the bilingual learners in my class.","Are there specific books and online resources you suggest for lesson planning taking trauma and bilingual learners?","Project planning and planning for supporting those experiencing trauma.","","Teacher who teaches science, mathematics, or STEM related content","","","","","","","",NA,2,NA,NA,NA,NA,NA,NA,NA,NA,NA,NA,NA,NA
"50","6/17/2020 19:38","6/17/2020 19:46","IP Address","69.130.147.183",100,521,TRUE,"6/17/2020 19:46","R_1DqIkapwcb7zzNb",NA,NA,NA,NA,36.1867981,-86.50669861,"anonymous","EN","Returning to School After COVID-19: Using SEL & Trauma Informed Practices to Re-engage Students in STEM Learning","","Very satisfied","All the information","Fairly well","Agree","Strongly agree","Strongly agree","Strongly agree","Agree","Strongly agree","There was just 1 incident, but it wasn't the presenter's fault. Her internet must not have been strong enough because the presenter(s) disappeared for the first 2 minutes of the 1st session. Then they came back and started their lesson. But it was very awkward to sit in a silent meeting because the teachers got kicked off of the meeting. HA","I was very much impacted by learning about the physical brain after trauma. ","I am a specials teacher so I won't be able to add morning meetings or anything, but I'd like to focus on the relationship building and peer feedback, open communication, modeled thinking and talking about how I feel about a particular topic of discussion. ","","Blending STEM into literacy","","Teacher who teaches science, mathematics, or STEM related content","","","","","","","PreK/K",1,2,3,4,5,NA,NA,NA,NA,NA,NA,NA,NA,NA
"51","6/19/2020 9:13","6/19/2020 9:18","IP Address","172.125.153.183",100,275,TRUE,"6/19/2020 9:18","R_2BkylKmjJOiCds9",NA,NA,NA,NA,34.83050537,-87.65599823,"anonymous","EN","Returning to School After COVID-19: Using SEL & Trauma Informed Practices to Re-engage Students in STEM Learning","","Very satisfied","All the information","Extremely well","Strongly agree","Strongly agree","Strongly agree","Strongly agree","Strongly agree","Strongly agree","Please add a little more about STEM practice.","Trauma affecting brain development.","Adapting teaching methods.","follow-up content?","How to adapt STEM content for online use.","Thank you!","Teacher who teaches science, mathematics, or STEM related content","","","","","","","",NA,NA,NA,NA,NA,NA,NA,NA,9,10,11,12,NA,NA
"52","6/12/2020 14:37","6/12/2020 14:38","IP Address","99.160.142.13",43,32,FALSE,"6/19/2020 14:38","R_248bzhajwX2s3AE",NA,NA,NA,NA,NA,NA,"anonymous","EN","Returning to School After COVID-19: Using SEL & Trauma Informed Practices to Re-engage Students in STEM Learning","","Very satisfied","Some of the information","Fairly well","","","","","","","","","","","","","","","","","","","","",NA,NA,NA,NA,NA,NA,NA,NA,NA,NA,NA,NA,NA,NA
"53","6/24/2020 10:35","6/24/2020 10:38","IP Address","172.76.151.98",100,206,TRUE,"6/24/2020 10:38","R_2Xj4utSfeaAUpVZ",NA,NA,NA,NA,35.9644928,-85.05460358,"anonymous","EN","Returning to School After COVID-19: Using SEL & Trauma Informed Practices to Re-engage Students in STEM Learning","","Very satisfied","Most of the information","Extremely well","Strongly agree","Strongly agree","Strongly agree","Strongly agree","Strongly agree","Strongly agree",NA,"Reminder we must teach with the whole child in mind.  They have suffered trauma.","Work in the trauma into my chemistry curriculum as a brain chemistry.","None","","Not at this time.","Teacher who teaches science, mathematics, or STEM related content","","","","","","","",NA,NA,NA,NA,NA,NA,NA,NA,NA,NA,11,NA,NA,NA
